<?xml version="1.0" encoding="UTF-8"?>
<project-private xmlns="http://www.netbeans.org/ns/project-private/1">
    <editor-bookmarks xmlns="http://www.netbeans.org/ns/editor-bookmarks/2" lastBookmarkId="0"/>
    <open-files xmlns="http://www.netbeans.org/ns/projectui-open-files/2">
        <group>
            <file>file:/C:/Users/Luffy/Google%20Drive/Teaching/INT105/INT105-2559-2/Source%20Codes/AhaStore/src/ahaShop/Shop.java</file>
            <file>file:/C:/Users/Luffy/Google%20Drive/Teaching/INT105/INT105-2559-2/Source%20Codes/AhaStore/src/ahaShop/model/Order_item.java</file>
            <file>file:/C:/Users/Luffy/Google%20Drive/Teaching/INT105/INT105-2559-2/Source%20Codes/AhaStore/src/ahaShop/NewClass.java</file>
            <file>file:/C:/Users/Luffy/Google%20Drive/Teaching/INT105/INT105-2559-2/Source%20Codes/AhaStore/src/ahaShop/model/Order.java</file>
            <file>file:/C:/Users/Luffy/Google%20Drive/Teaching/INT105/INT105-2559-2/Source%20Codes/AhaStore/src/temp/DB_WrapUp.java</file>
            <file>file:/C:/Users/Luffy/Google%20Drive/Teaching/INT105/INT105-2559-2/Source%20Codes/AhaStore/src/ahaShop/model/Product.java</file>
        </group>
    </open-files>
</project-private>
