DROP TABLE order_item;
DROP TABLE product;
DROP TABLE orders;


CREATE TABLE product(
    product_id int not null,
    product_name varchar(100),
    price float,
    primary key(product_id)
);

CREATE TABLE orders(
    order_id int not null,
    status varchar(50),
    primary key(order_id)
);

CREATE TABLE order_item(
    order_id int not null,
    product_id int not null,
    quantity int not null,
    product_price float,
    primary key(order_id,product_id),
    foreign key (order_id) references orders(order_id),
    foreign key (product_id) references product(product_id)
);


INSERT INTO product VALUES(1,'Diamondback Women''s Serene Classic Comfort Bi',	299.980011);
INSERT INTO product VALUES(2,'Nike Men''s CJ Elite 2 TD Football Cleat',129.990005493164);
INSERT INTO product VALUES(3,'Nike Men''s Dri-FIT Victory Golf Polo',50);
INSERT INTO product VALUES(4,'Pelican Sunstream 100 Kayak',199.990005493164);
INSERT INTO product VALUES(5,'O''Brien Men''s Neoprene Life Vest',49.9799995422363);
INSERT INTO product VALUES(6,'Perfect Fitness Perfect Rip Deck',59.9900016784667);
INSERT INTO product VALUES(7,'Team Golf New England Patriots Putter Grip',24.9899997711182);
INSERT INTO product VALUES(8,'Glove It Imperial Golf Towel',15.9899997711182);
INSERT INTO product VALUES(9,'Nike Men''s Free 5.0+ Running Shoe',99.9899978637695);
INSERT INTO product VALUES(10,'Glove It Women''s Mod Oval 3-Zip Carry All Gol',21.9899997711182);
INSERT INTO product VALUES(11,'Under Armour Girls'' Toddler Spine Surge Runni',39.9900016784667);
INSERT INTO product VALUES(12,'Nike Women''s Legend V-Neck T-Shirt',25);
INSERT INTO product VALUES(13,'Under Armour Women''s Ignite Slide',31.9899997711182);
INSERT INTO product VALUES(14,'Field & Stream Sportsman 16 Gun Fire Safe',399.980010986328);
INSERT INTO product VALUES(15,'Bridgestone e6 Straight Distance NFL San Dieg',31.9899997711182);
INSERT INTO product VALUES(16,'Glove It Women''s Mod Oval Golf Glove',19.9899997711182);
INSERT INTO product VALUES(17,'Under Armour Men''s Tech II T-Shirt',24.9899997711182);
INSERT INTO product VALUES(18,'adidas Kids'' F5 Messi FG Soccer Cleat',34.9900016784667);
INSERT INTO product VALUES(19,'Team Golf Tennessee Volunteers Putter Grip',24.9899997711182);
INSERT INTO product VALUES(20,'Bridgestone e6 Straight Distance NFL Tennesse',31.9899997711182);
INSERT INTO product VALUES(21,'Glove It Urban Brick Golf Towel',15.9899997711182);
INSERT INTO product VALUES(22,'Team Golf San Francisco Giants Putter Grip',24.9899997711182);


INSERT INTO orders VALUES(1,'CLOSED');
INSERT INTO orders VALUES(2,'PENDING_PAYMENT');
INSERT INTO orders VALUES(4,'CLOSED');
INSERT INTO orders VALUES(5,'COMPLETE');
INSERT INTO orders VALUES(7,'COMPLETE');
INSERT INTO orders VALUES(8,'PROCESSING');
INSERT INTO orders VALUES(9,'PENDING_PAYMENT');
INSERT INTO orders VALUES(10,'PENDING_PAYMENT');
INSERT INTO orders VALUES(11,'PAYMENT_REVIEW');
INSERT INTO orders VALUES(12,'CLOSED');
INSERT INTO orders VALUES(13,'PENDING_PAYMENT');
INSERT INTO orders VALUES(14,'PROCESSING');
INSERT INTO orders VALUES(15,'COMPLETE');
INSERT INTO orders VALUES(16,'PENDING_PAYMENT');
INSERT INTO orders VALUES(17,'COMPLETE');
INSERT INTO orders VALUES(18,'CLOSED');
INSERT INTO orders VALUES(19,'PENDING_PAYMENT');
INSERT INTO orders VALUES(20,'PROCESSING');
INSERT INTO orders VALUES(21,'PENDING');
INSERT INTO orders VALUES(23,'PENDING_PAYMENT');
INSERT INTO orders VALUES(24,'CLOSED');
INSERT INTO orders VALUES(25,'CLOSED');
INSERT INTO orders VALUES(27,'PENDING_PAYMENT');
INSERT INTO orders VALUES(28,'COMPLETE');
INSERT INTO orders VALUES(29,'PROCESSING');
INSERT INTO orders VALUES(30,'PENDING_PAYMENT');
INSERT INTO orders VALUES(31,'PAYMENT_REVIEW');
INSERT INTO orders VALUES(33,'PENDING_PAYMENT');
INSERT INTO orders VALUES(34,'PROCESSING');
INSERT INTO orders VALUES(35,'COMPLETE');
INSERT INTO orders VALUES(36,'PENDING');
INSERT INTO orders VALUES(37,'CLOSED');
INSERT INTO orders VALUES(38,'PROCESSING');
INSERT INTO orders VALUES(39,'PENDING');
INSERT INTO orders VALUES(41,'PENDING_PAYMENT');
INSERT INTO orders VALUES(42,'PENDING');
INSERT INTO orders VALUES(43,'PENDING_PAYMENT');
INSERT INTO orders VALUES(44,'PENDING');
INSERT INTO orders VALUES(45,'COMPLETE');
INSERT INTO orders VALUES(46,'ON_HOLD');
INSERT INTO orders VALUES(48,'PROCESSING');
INSERT INTO orders VALUES(49,'PENDING');
INSERT INTO orders VALUES(50,'CANCELED');


INSERT INTO order_item VALUES(1,1,1,299.980010986328);
INSERT INTO order_item VALUES(2,2,1,129.990005493164);
INSERT INTO order_item VALUES(2,3,5,50);
INSERT INTO order_item VALUES(2,4,1,199.990005493164);
INSERT INTO order_item VALUES(4,3,3,50);
INSERT INTO order_item VALUES(4,5,4,49.9799995422363);
INSERT INTO order_item VALUES(4,6,5,59.9900016784667);
INSERT INTO order_item VALUES(4,7,2,24.9899997711182);
INSERT INTO order_item VALUES(5,1,1,299.980010986328);
INSERT INTO order_item VALUES(5,1,1,299.980010986328);
INSERT INTO order_item VALUES(5,2,1,129.990005493164);
INSERT INTO order_item VALUES(5,5,2,49.9799995422363);
INSERT INTO order_item VALUES(5,6,5,59.9900016784667);
INSERT INTO order_item VALUES(7,1,1,299.980010986328);
INSERT INTO order_item VALUES(7,8,5,15.9899997711182);
INSERT INTO order_item VALUES(7,4,1,199.990005493164);
INSERT INTO order_item VALUES(8,3,1,50);
INSERT INTO order_item VALUES(8,5,4,49.9799995422363);
INSERT INTO order_item VALUES(8,6,5,59.9900016784667);
INSERT INTO order_item VALUES(8,6,3,59.9900016784667);
INSERT INTO order_item VALUES(9,9,2,99.9899978637695);
INSERT INTO order_item VALUES(9,4,1,199.990005493164);
INSERT INTO order_item VALUES(9,4,1,199.990005493164);
INSERT INTO order_item VALUES(10,10,1,21.9899997711182);
INSERT INTO order_item VALUES(10,2,1,129.990005493164);
INSERT INTO order_item VALUES(10,5,2,49.9799995422363);
INSERT INTO order_item VALUES(10,4,1,199.990005493164);
INSERT INTO order_item VALUES(10,4,1,199.990005493164);
INSERT INTO order_item VALUES(11,9,4,99.9899978637695);
INSERT INTO order_item VALUES(11,5,5,49.9799995422363);
INSERT INTO order_item VALUES(11,5,1,49.9799995422363);
INSERT INTO order_item VALUES(11,6,1,59.9900016784667);
INSERT INTO order_item VALUES(11,11,4,39.9900016784667);
INSERT INTO order_item VALUES(12,1,1,299.980010986328);
INSERT INTO order_item VALUES(12,3,5,50);
INSERT INTO order_item VALUES(12,9,5,99.9899978637695);
INSERT INTO order_item VALUES(12,12,4,25);
INSERT INTO order_item VALUES(12,5,3,49.9799995422363);
INSERT INTO order_item VALUES(13,13,4,31.9899997711182);
INSERT INTO order_item VALUES(14,14,1,399.980010986328);
INSERT INTO order_item VALUES(14,3,1,50);
INSERT INTO order_item VALUES(14,5,2,49.9799995422363);
INSERT INTO order_item VALUES(15,15,3,31.9899997711182);
INSERT INTO order_item VALUES(15,14,1,399.980010986328);
INSERT INTO order_item VALUES(15,3,1,50);
INSERT INTO order_item VALUES(15,4,1,199.990005493164);
INSERT INTO order_item VALUES(15,6,3,59.9900016784667);
INSERT INTO order_item VALUES(16,6,5,59.9900016784667);
INSERT INTO order_item VALUES(16,6,2,59.9900016784667);
INSERT INTO order_item VALUES(17,16,4,19.9899997711182);
INSERT INTO order_item VALUES(17,5,2,49.9799995422363);
INSERT INTO order_item VALUES(17,4,1,199.990005493164);
INSERT INTO order_item VALUES(17,6,4,59.9900016784667);
INSERT INTO order_item VALUES(17,17,3,24.9899997711182);
INSERT INTO order_item VALUES(18,2,1,129.990005493164);
INSERT INTO order_item VALUES(18,4,1,199.990005493164);
INSERT INTO order_item VALUES(18,6,2,59.9900016784667);
INSERT INTO order_item VALUES(19,1,1,299.980010986328);
INSERT INTO order_item VALUES(19,14,1,399.980010986328);
INSERT INTO order_item VALUES(20,2,1,129.990005493164);
INSERT INTO order_item VALUES(20,3,5,50);
INSERT INTO order_item VALUES(20,5,4,49.9799995422363);
INSERT INTO order_item VALUES(20,6,5,59.9900016784667);
INSERT INTO order_item VALUES(21,18,2,34.9900016784667);
INSERT INTO order_item VALUES(21,3,2,50);
INSERT INTO order_item VALUES(21,7,3,24.9899997711182);
INSERT INTO order_item VALUES(21,13,4,31.9899997711182);
INSERT INTO order_item VALUES(23,1,1,299.980010986328);
INSERT INTO order_item VALUES(24,2,1,129.990005493164);
INSERT INTO order_item VALUES(24,3,5,50);
INSERT INTO order_item VALUES(24,3,1,50);
INSERT INTO order_item VALUES(24,4,1,199.990005493164);
INSERT INTO order_item VALUES(24,4,1,199.990005493164);
INSERT INTO order_item VALUES(25,14,1,399.980010986328);
INSERT INTO order_item VALUES(27,14,1,399.980010986328);
INSERT INTO order_item VALUES(27,3,3,50);
INSERT INTO order_item VALUES(27,4,1,199.990005493164);
INSERT INTO order_item VALUES(28,1,1,299.980010986328);
INSERT INTO order_item VALUES(28,1,1,299.980010986328);
INSERT INTO order_item VALUES(28,9,1,99.9899978637695);
INSERT INTO order_item VALUES(28,9,4,99.9899978637695);
INSERT INTO order_item VALUES(28,6,1,59.9900016784667);
INSERT INTO order_item VALUES(29,14,1,399.980010986328);
INSERT INTO order_item VALUES(29,2,1,129.990005493164);
INSERT INTO order_item VALUES(29,2,1,129.990005493164);
INSERT INTO order_item VALUES(29,5,5,49.9799995422363);
INSERT INTO order_item VALUES(29,4,1,199.990005493164);
INSERT INTO order_item VALUES(30,3,2,50);
INSERT INTO order_item VALUES(31,9,5,99.9899978637695);
INSERT INTO order_item VALUES(33,2,1,129.990005493164);
INSERT INTO order_item VALUES(33,2,1,129.990005493164);
INSERT INTO order_item VALUES(33,5,4,49.9799995422363);
INSERT INTO order_item VALUES(33,4,1,199.990005493164);
INSERT INTO order_item VALUES(34,1,1,299.980010986328);
INSERT INTO order_item VALUES(35,2,1,129.990005493164);
INSERT INTO order_item VALUES(36,1,1,299.980010986328);
INSERT INTO order_item VALUES(36,14,1,399.980010986328);
INSERT INTO order_item VALUES(36,3,2,50);
INSERT INTO order_item VALUES(37,6,1,59.9900016784667);
INSERT INTO order_item VALUES(37,19,4,24.9899997711182);
INSERT INTO order_item VALUES(38,3,4,50);
INSERT INTO order_item VALUES(38,11,4,39.9900016784667);
INSERT INTO order_item VALUES(39,4,1,199.990005493164);
INSERT INTO order_item VALUES(41,20,4,31.9899997711182);
INSERT INTO order_item VALUES(41,5,4,49.9799995422363);
INSERT INTO order_item VALUES(42,14,1,399.980010986328);
INSERT INTO order_item VALUES(42,6,5,59.9900016784667);
INSERT INTO order_item VALUES(42,11,1,39.9900016784667);
INSERT INTO order_item VALUES(43,1,1,299.980010986328);
INSERT INTO order_item VALUES(43,2,1,129.990005493164);
INSERT INTO order_item VALUES(43,9,1,99.9899978637695);
INSERT INTO order_item VALUES(44,14,1,399.980010986328);
INSERT INTO order_item VALUES(45,21,5,15.9899997711182);
INSERT INTO order_item VALUES(45,6,1,59.9900016784667);
INSERT INTO order_item VALUES(45,11,4,39.9900016784667);
INSERT INTO order_item VALUES(45,11,5,39.9900016784667);
INSERT INTO order_item VALUES(46,2,1,129.990005493164);
INSERT INTO order_item VALUES(46,5,2,49.9799995422363);
INSERT INTO order_item VALUES(48,5,1,49.9799995422363);
INSERT INTO order_item VALUES(48,22,2,24.9899997711182);
INSERT INTO order_item VALUES(49,1,1,299.980010986328);
INSERT INTO order_item VALUES(49,2,1,129.990005493164);
INSERT INTO order_item VALUES(49,6,2,59.9900016784667);
INSERT INTO order_item VALUES(50,1,1,299.980010986328);
INSERT INTO order_item VALUES(50,2,1,129.990005493164);
